{
    "A": [120.075231,30.311932],
    "B":[120.07656,30.302422],
    "C":[120.089388,30.300863],
    "D":[120.099161,30.301269],
    "E":[120.097832,30.316172],
    "F":[120.086118,30.316452]
}